{
  "0": {
    "hu": [
      3.0039331631596147,
      6.895786232160584,
      9.998470015879292,
      9.999658168098524,
      3.8461538461538463,
      9.999999886322998,
      -0.7692307692307693
    ],
    "proj": [
      0.39141012691856214,
      0.608449190434743,
      0.74181807666501,
      0.8408351295154657,
      0.9118622011421483,
      0.954211026822825,
      0.9571700303521206,
      0.5541200360588285,
      0.46417468586164345,
      0.44023342105715546,
      0.43214327370090005,
      0.45069685915425733,
      0.5396455923455113,
      1.0,
      0.9562362355869298,
      0.9132033384076144,
      0.8442593317969695,
      0.7442057843940855,
      0.5950068781942218,
      0.35518197724877953
    ],
    "n": 13
  },
  "1": {
    "hu": [
      3.002334109010068,
      6.49522561343345,
      9.478357578926424,
      9.921218633149877,
      -9.999999999999265,
      9.999985227158989,
      -9.999999999993644
    ],
    "proj": [
      0.20941176470588235,
      0.21320261437908497,
      0.2566013071895425,
      0.24901960784313726,
      0.20947712418300654,
      0.22084967320261437,
      0.23026143790849674,
      0.21516339869281048,
      0.20941176470588235,
      0.5315686274509804,
      0.9611437908496732,
      0.9895751633986928,
      0.9924509803921568,
      1.0,
      1.0,
      1.0,
      1.0,
      1.0,
      0.9658823529411764,
      0.9583006535947712
    ],
    "n": 4
  },
  "2": {
    "hu": [
      2.891160408020224,
      6.246156422749226,
      9.864190079727281,
      9.974614631987716,
      -9.999999999999778,
      -9.999986473548613,
      -6.000000000000057
    ],
    "proj": [
      0.2455319900693007,
      0.3643996504276499,
      0.4573700438779569,
      0.5887155230001914,
      0.6707521688074314,
      0.705747480457772,
      0.7147367786929179,
      0.7537663008899921,
      0.7892168408972287,
      0.8194553863011746,
      0.882603049993859,
      0.927653884874976,
      1.0,
      0.9428402565664747,
      0.8835297031908297,
      0.8214064549084343,
      0.7337794143171343,
      0.585457194976323,
      0.38509002218744054,
      0.16431594512839756
    ],
    "n": 5
  },
  "3": {
    "hu": [
      2.946235525991255,
      6.470226154187617,
      9.819710162155324,
      9.929155425648709,
      -9.999999999998268,
      -9.999958017055341,
      -9.999999999998659
    ],
    "proj": [
      0.11666573577213878,
      0.26859065740877924,
      0.38572382845040315,
      0.49930167271532966,
      0.5604338702936214,
      0.5687737777705921,
      0.5856084430290073,
      0.6359483110428538,
      0.6363112199890263,
      0.6219741185108952,
      0.66281907941932,
      0.7286966134694786,
      0.8315092168688284,
      0.9676880224842875,
      0.9985803563760186,
      0.9646840350479942,
      0.9048752553366997,
      0.7498383067891643,
      0.5524613284308616,
      0.31249622097093693
    ],
    "n": 27
  },
  "4": {
    "hu": [
      3.00726104046237,
      6.715760294266826,
      9.372781815572921,
      9.865760286300885,
      9.999999999984247,
      9.99995655590766,
      -9.999999999992342
    ],
    "proj": [
      0.2311339029046337,
      0.3124637004321344,
      0.3955648967018046,
      0.48043537606373027,
      0.5806124577358739,
      0.659144013877903,
      0.7248835500568939,
      0.767663551832494,
      0.7470580343594398,
      0.694162324910114,
      0.7004315539973208,
      0.9839431569161299,
      0.9362281727434136,
      0.8453342769092317,
      0.7695003693260726,
      0.7175514831232702,
      0.4537673609481418,
      0.24627687481274932,
      0.2141028248842274,
      0.18149506998842935
    ],
    "n": 11
  },
  "5": {
    "hu": [
      2.9700269383765,
      6.600326337508409,
      9.978116977902484,
      9.997806093064245,
      2.0000000000000004,
      1.9999996259549326,
      -5.999999999999997
    ],
    "proj": [
      0.380377780251556,
      0.5996362316040992,
      0.8422723344109805,
      0.9914607444479199,
      0.9891975787676548,
      0.9566091785082349,
      0.8993009607456859,
      0.848237553530585,
      0.7340434592786937,
      0.6769882093501924,
      0.6650707867665202,
      0.7291932609295216,
      0.8485171643775343,
      0.8920993465907892,
      0.8835288117143424,
      0.8146629539925948,
      0.753629763391306,
      0.6354069329411193,
      0.4232299788657019,
      0.22579342217606513
    ],
    "n": 5
  },
  "6": {
    "hu": [
      3.0320018885535833,
      6.896936022285125,
      9.645897332825385,
      9.939063976929502,
      9.999999999997499,
      9.99997942251216,
      -9.999999999998492
    ],
    "proj": [
      0.2717724324536044,
      0.45263629992570853,
      0.5893115968720573,
      0.7157553014864724,
      0.823053263941031,
      0.9196690998304426,
      1.0,
      0.8601902305146976,
      0.8698608717840415,
      0.9191515154194164,
      0.8800234648184669,
      0.8547284927506434,
      0.8607953715197123,
      0.9540214930094005,
      0.8787163741524215,
      0.7745153396929063,
      0.6467424733201304,
      0.582886232003894,
      0.48123639759613157,
      0.3454478713446767
    ],
    "n": 8
  },
  "7": {
    "hu": [
      2.8364298868352593,
      6.063672690148128,
      8.823644350526557,
      9.437133467685637,
      9.999999999562979,
      9.999225802726047,
      -9.999999999444267
    ],
    "proj": [
      0.17067504249366658,
      0.19569366013270809,
      0.22128812404199713,
      0.315640332497571,
      0.4152519613851315,
      0.5013097999610456,
      0.5997753754637428,
      0.7312662714232472,
      0.8082162762942854,
      0.8830611413174303,
      0.996609020006782,
      0.9865543047476371,
      0.9697338276401954,
      0.858238103859002,
      0.7374746626613085,
      0.6447224745045186,
      0.5406239704871321,
      0.39702162265322116,
      0.3082068583454959,
      0.22400944527054162
    ],
    "n": 8
  },
  "8": {
    "hu": [
      3.043167097272528,
      6.8433128773999465,
      9.963845628942076,
      9.999482970227096,
      10.0,
      4.9999998221097615,
      7.5
    ],
    "proj": [
      0.22886499799658688,
      0.4892987527110943,
      0.6821031575337649,
      0.8438621460826671,
      0.941326359784516,
      0.9718201394716652,
      1.0,
      0.7433738541380123,
      0.6642306378294565,
      0.6251423421619585,
      0.6230325025985967,
      0.6728052628982285,
      0.7556801653066271,
      1.0,
      0.9768426896971674,
      0.9505128228809683,
      0.8730367236809896,
      0.7117957975338045,
      0.49266371438996603,
      0.21750446772461746
    ],
    "n": 8
  },
  "9": {
    "hu": [
      3.0269675266715033,
      6.839748683110774,
      9.630349266482714,
      9.934000070304352,
      9.999999999997135,
      9.999976456171623,
      -9.999999999998112
    ],
    "proj": [
      0.302589866247276,
      0.44685613283331044,
      0.5424706821323598,
      0.6314655436074672,
      0.7363679066297862,
      0.8450221992148196,
      0.9370106048252443,
      0.8213523884988572,
      0.835878152652742,
      0.860255081646405,
      0.8843086016500631,
      0.8620979056159122,
      0.854877879682209,
      1.0,
      0.9013557230883266,
      0.818212375562731,
      0.718904079815876,
      0.5924134304467474,
      0.452535589706863,
      0.23212476512370264
    ],
    "n": 7
  }
}