{
  "0": {
    "hu": [
      3.0075718243636764,
      6.926184738557468,
      9.99954269024728,
      9.999861485368676,
      0.0,
      9.999999961353488,
      0.0
    ],
    "proj": [
      0.3901475612009826,
      0.6068495330256181,
      0.7421034966432871,
      0.8464693258958063,
      0.921415623260549,
      0.9686604828809167,
      0.9782430773427908,
      0.5696225308641124,
      0.47551754765605136,
      0.45127522648357044,
      0.4381287370296553,
      0.44977963129583415,
      0.5279205028765095,
      1.0,
      0.9712522166143773,
      0.9290885191819787,
      0.8573477872244109,
      0.7603968786632789,
      0.6256643340051475,
      0.4165127735673507
    ],
    "n": 4
  },
  "2": {
    "hu": [
      2.889291231115956,
      6.242914736200447,
      9.874082271679674,
      9.977345178402125,
      -9.999999999999751,
      -9.999983419534523,
      -9.999999999999865
    ],
    "proj": [
      0.2646546270720945,
      0.36481551641804555,
      0.4489434296985977,
      0.586255373967269,
      0.6742121054604114,
      0.7104692501488435,
      0.7253997262739419,
      0.7592062692507474,
      0.7945055956347483,
      0.8210148891463085,
      0.9002002925680278,
      0.9383645164188561,
      1.0,
      0.9503611289170425,
      0.8924826449062494,
      0.8310826158015789,
      0.7383007938379902,
      0.5832997036598375,
      0.3822425613032707,
      0.1688355662813041
    ],
    "n": 3
  },
  "3": {
    "hu": [
      2.947483173328214,
      6.477742592142855,
      9.819515438760495,
      9.927567092191818,
      -9.99999999999851,
      -9.999958613941287,
      -9.999999999998142
    ],
    "proj": [
      0.13411743010400473,
      0.26519810885691575,
      0.37770835465719677,
      0.5047134445197182,
      0.5541645904432859,
      0.5713022863924303,
      0.5816692213262729,
      0.6474294387199164,
      0.6495076616337685,
      0.6321874340700956,
      0.6716642577023372,
      0.7501668828382566,
      0.8462036257944646,
      0.9934797435547674,
      0.9961669622152503,
      0.9654745331290764,
      0.8977151663383532,
      0.7098783190884999,
      0.4917505468795048,
      0.23546380028748345
    ],
    "n": 10
  },
  "4": {
    "hu": [
      3.011304636896418,
      6.743013031867965,
      9.370206513626442,
      9.858727770490725,
      9.99999999998221,
      9.999948498124459,
      -9.99999999999274
    ],
    "proj": [
      0.23230082086601675,
      0.3070858980278489,
      0.38823655545154145,
      0.4760169379622245,
      0.567355220326164,
      0.6396533583820355,
      0.7120001937839016,
      0.7727718688541548,
      0.7710025395669744,
      0.7556176898041521,
      0.6993218972647486,
      0.9411249086924762,
      0.9730955732832786,
      0.8852109100488875,
      0.7973262468144963,
      0.7404616558674416,
      0.5579380692092654,
      0.28460177046426366,
      0.23945984870306658,
      0.18021259937375958
    ],
    "n": 3
  },
  "5": {
    "hu": [
      2.968214274009647,
      6.580558631896641,
      9.980395117482734,
      9.998163512738788,
      -3.3333333333333326,
      -3.3333334140558435,
      -3.333333333333332
    ],
    "proj": [
      0.3567629050030461,
      0.575885001869008,
      0.8100679421102868,
      0.9857679074131999,
      0.990997982306379,
      0.9609997767935635,
      0.8990108360713057,
      0.8564319306217497,
      0.7484717285251756,
      0.6838002568273812,
      0.6639378858545942,
      0.7401811216744033,
      0.856691005764513,
      0.8930094909422253,
      0.8787252661481474,
      0.8127873693864887,
      0.747694284631948,
      0.6235001471725466,
      0.3976591530425053,
      0.17838145250152304
    ],
    "n": 3
  },
  "6": {
    "hu": [
      3.033531355941303,
      6.9009938897999,
      9.651438479122044,
      9.940888471836551,
      9.999999999997678,
      9.99998038516674,
      -9.999999999998572
    ],
    "proj": [
      0.2824923871031481,
      0.4540811394892635,
      0.5937700071014754,
      0.7291892660563061,
      0.831997367860782,
      0.9241550126598348,
      1.0,
      0.8752883417045464,
      0.878762457542004,
      0.919501093945012,
      0.8778140057785904,
      0.8631065202038745,
      0.8781223062332022,
      0.9583945978325983,
      0.8817615501444439,
      0.7795453740119073,
      0.6519713217453407,
      0.5866732019262803,
      0.4844642067196932,
      0.3518126228072416
    ],
    "n": 6
  },
  "7": {
    "hu": [
      2.832472948634835,
      6.046269880929488,
      8.810425808800227,
      9.424484437176798,
      9.999999999508509,
      9.999153191011768,
      -9.999999999418302
    ],
    "proj": [
      0.1928752002626898,
      0.1928752002626898,
      0.21335206683432859,
      0.3376147594917314,
      0.43823921503249175,
      0.5154150541145051,
      0.6071868922551619,
      0.7479589576938683,
      0.8203229901430193,
      0.8857326605927913,
      1.0,
      0.9918041511442256,
      0.9621952508421512,
      0.8214231854034448,
      0.6939747621507936,
      0.6060879637393795,
      0.5142806457335463,
      0.3487081435212868,
      0.26632105466735645,
      0.1928752002626898
    ],
    "n": 5
  },
  "8": {
    "hu": [
      3.044073615241514,
      6.864137474400927,
      9.95730347107016,
      9.999212892885424,
      10.0,
      9.99999971614478,
      10.0
    ],
    "proj": [
      0.2479567551194647,
      0.48385815228724577,
      0.6759824541897727,
      0.8495302010477896,
      0.9552536435872868,
      0.9872232073841677,
      1.0,
      0.7648535382137363,
      0.6831773047275043,
      0.6272240387274599,
      0.6153566263689821,
      0.6742971316304801,
      0.7676212492449036,
      1.0,
      0.9872232073841677,
      0.9652700165045554,
      0.8922717694328762,
      0.7255443745050186,
      0.5159000907711792,
      0.2479567551194647
    ],
    "n": 3
  },
  "9": {
    "hu": [
      3.032729382019378,
      6.890785328338043,
      9.64402731055184,
      9.942723418802414,
      9.99999999999791,
      9.999981718317015,
      -9.999999999998368
    ],
    "proj": [
      0.33767012746462516,
      0.44312791544913166,
      0.5257940344404716,
      0.6260922658868928,
      0.7441435877869437,
      0.8347359973998346,
      0.9408313066933577,
      0.8196963124803109,
      0.8225748047291024,
      0.8567646691854907,
      0.9055958097495171,
      0.8578911863219725,
      0.8431409955489747,
      1.0,
      0.9093582772043675,
      0.8328561854223925,
      0.7352031241275626,
      0.5907913770605036,
      0.46356969883716365,
      0.2960647252972233
    ],
    "n": 3
  }
}